SourceFile,FileSize,ImageWidth,ImageHeight
assets/1.jpg,72 kB,487,600
assets/10.jpg,64 kB,487,600
assets/11.jpg,71 kB,487,600
assets/12.jpg,71 kB,487,600
assets/13.jpg,84 kB,487,600
assets/14.jpg,73 kB,487,600
assets/15.jpg,76 kB,487,600
assets/16.jpg,61 kB,487,600
assets/17.jpg,88 kB,487,600
assets/18.jpg,72 kB,487,600
assets/19.jpg,74 kB,487,600
assets/2.jpg,73 kB,487,600
assets/20.jpg,65 kB,487,600
assets/21.jpg,92 kB,487,600
assets/22.jpg,69 kB,487,600
assets/23.jpg,71 kB,487,600
assets/24.jpg,68 kB,487,600
assets/25.jpg,62 kB,487,600
assets/3.jpg,59 kB,487,600
assets/4.jpg,76 kB,487,600
assets/5.jpg,73 kB,487,600
assets/6.jpg,67 kB,487,600
assets/7.jpg,77 kB,487,600
assets/8.jpg,74 kB,487,600
assets/9.jpg,73 kB,487,600
